{
  "ie": {
    "6": 0,
    "7": 0,
    "8": 0,
    "9": 0,
    "10": 0,
    "11": 10.748967656063328,
    "5.5": 0
  },
  "edge": {
    "12": 0,
    "13": 0,
    "14": 0,
    "15": 0,
    "16": 0.20781305912713216,
    "17": 0.6216026370447226,
    "18": 3.8778454541839986,
    "76": 0
  },
  "firefox": {
    "2": 0,
    "3": 0,
    "4": 0,
    "5": 0,
    "6": 0,
    "7": 0,
    "8": 0,
    "9": 0,
    "10": 0,
    "11": 0,
    "12": 0,
    "13": 0,
    "14": 0,
    "15": 0,
    "16": 0,
    "17": 0,
    "18": 0,
    "19": 0,
    "20": 0,
    "21": 0,
    "22": 0,
    "23": 0,
    "24": 0,
    "25": 0,
    "26": 0,
    "27": 0,
    "28": 0,
    "29": 0,
    "30": 0,
    "31": 0,
    "32": 0,
    "33": 0,
    "34": 0,
    "35": 0,
    "36": 0,
    "37": 0,
    "38": 0,
    "39": 0,
    "40": 0,
    "41": 0,
    "42": 0,
    "43": 0,
    "44": 0,
    "45": 0,
    "46": 0,
    "47": 0,
    "48": 0.11117695728813046,
    "49": 0,
    "50": 0,
    "51": 0,
    "52": 0.23848517609013817,
    "53": 0,
    "54": 0,
    "55": 0,
    "56": 0,
    "57": 0,
    "58": 0,
    "59": 0,
    "60": 0.21332268013715358,
    "61": 0,
    "62": 0,
    "63": 0,
    "64": 0,
    "65": 0,
    "66": 0,
    "67": 0,
    "68": 0.5244553332563375,
    "69": 1.5014001253391447,
    "70": 3.3842326385404617,
    "71": 0,
    "72": 0,
    "73": 2.244820293581386,
    "3.6": 0,
    "3.5": 0
  },
  "chrome": {
    "4": 0,
    "5": 0,
    "6": 0,
    "7": 0,
    "8": 0,
    "9": 0,
    "10": 0,
    "11": 0,
    "12": 0,
    "13": 0,
    "14": 0,
    "15": 0,
    "16": 0,
    "17": 0,
    "18": 0,
    "19": 0,
    "20": 0,
    "21": 0,
    "22": 0,
    "23": 0,
    "24": 0,
    "25": 0,
    "26": 0,
    "27": 0,
    "28": 0,
    "29": 0,
    "30": 0,
    "31": 0,
    "32": 0,
    "33": 0,
    "34": 0,
    "35": 0,
    "36": 0,
    "37": 0,
    "38": 0,
    "39": 0,
    "40": 0,
    "41": 0,
    "42": 0,
    "43": 0,
    "44": 0,
    "45": 0,
    "46": 0,
    "47": 0,
    "48": 0,
    "49": 0.38067505164086357,
    "50": 0,
    "51": 0,
    "52": 0,
    "53": 0,
    "54": 0,
    "55": 0,
    "56": 0,
    "57": 12.619701723129237,
    "58": 0,
    "59": 0,
    "60": 0,
    "61": 0.11880711971781653,
    "62": 0,
    "63": 0.13872506233823773,
    "64": 0,
    "65": 0,
    "66": 0,
    "67": 0,
    "68": 2.4090675865777302,
    "69": 0,
    "70": 0,
    "71": 0.18062468878214655,
    "72": 0.18030282088809033,
    "73": 0.19081086095874977,
    "74": 0.19802448846671603,
    "75": 0.2891320358901635,
    "76": 0.5340356364558937,
    "77": 9.135652170620277,
    "78": 18.224311628708346,
    "79": 8.180707995766491,
    "80": 0,
    "81": 0.6931330431473379
  },
  "safari": {
    "4": 0,
    "5": 0,
    "6": 0,
    "7": 0,
    "8": 0,
    "9": 0,
    "10": 0.12359727131759461,
    "11": 0,
    "12": 0.15665499737772334,
    "13": 8.29222575435421,
    "12.1": 1.1646127077231254,
    "11.1": 0.819532458483775,
    "10.1": 0,
    "9.1": 0,
    "7.1": 0,
    "6.1": 0,
    "5.1": 0,
    "3.2": 0,
    "3.1": 0,
    "TP": 0
  },
  "opera": {
    "9": 0,
    "11": 0,
    "12": 0,
    "15": 0,
    "16": 0,
    "17": 0,
    "18": 0,
    "19": 0,
    "20": 0,
    "21": 0,
    "22": 0,
    "23": 0,
    "24": 0,
    "25": 0,
    "26": 0,
    "27": 0,
    "28": 0,
    "29": 0,
    "30": 0,
    "31": 0,
    "32": 0,
    "33": 0,
    "34": 0,
    "35": 0,
    "36": 0,
    "37": 0,
    "38": 0,
    "39": 0,
    "40": 0,
    "41": 0,
    "42": 0,
    "43": 0,
    "44": 0,
    "45": 0,
    "46": 0,
    "47": 0,
    "48": 0,
    "49": 0,
    "50": 0,
    "51": 0,
    "52": 0,
    "53": 0,
    "54": 0,
    "55": 0,
    "56": 0,
    "57": 0,
    "58": 0,
    "60": 0,
    "62": 0,
    "63": 0.16492889559552187,
    "64": 0.578472339241187,
    "12.1": 0,
    "11.6": 0,
    "11.5": 0,
    "11.1": 0,
    "10.6": 0,
    "10.5": 0,
    "10.0-10.1": 0,
    "9.5-9.6": 0
  },
  "ios_saf": {
    "8": 0,
    "13.2": 0,
    "13.0-13.1": 0,
    "12.2-12.4": 0,
    "12.0-12.1": 0.12157139692559361,
    "11.3-11.4": 0,
    "11.0-11.2": 0.14112960484089312,
    "10.3": 0,
    "10.0-10.2": 0,
    "9.3": 0,
    "9.0-9.2": 0,
    "8.1-8.4": 0,
    "7.0-7.1": 0,
    "6.0-6.1": 0,
    "5.0-5.1": 0,
    "4.2-4.3": 0,
    "4.0-4.1": 0,
    "3.2": 0,
    "13.3": 0
  },
  "op_mini": {
    "all": 0
  },
  "android": {
    "3": 0,
    "4": 0,
    "76": 0,
    "4.4.3-4.4.4": 0,
    "4.4": 0,
    "4.2-4.3": 0,
    "4.1": 0,
    "2.3": 0,
    "2.2": 0,
    "2.1": 0
  },
  "bb": {
    "7": 0,
    "10": 0
  },
  "op_mob": {
    "10": 0,
    "11": 0,
    "12": 0,
    "46": 0,
    "12.1": 0,
    "11.5": 0,
    "11.1": 0
  },
  "and_chr": {
    "78": 10.244240931372085
  },
  "and_ff": {
    "68": 0
  },
  "ie_mob": {
    "10": 0,
    "11": 0
  },
  "and_uc": {
    "12.12": 0
  },
  "samsung": {
    "4": 0,
    "10.1": 0.7116688471638706,
    "9.2": 0,
    "8.2": 0,
    "7.2-7.4": 0,
    "6.2-6.4": 0,
    "5.0-5.4": 0
  },
  "and_qq": {
    "1.2": 0
  },
  "baidu": {
    "7.12": 0
  },
  "kaios": {
    "2.5": 0
  }
}
