{
  "ie": {
    "6": 0,
    "7": 0,
    "8": 0,
    "9": 0,
    "10": 0,
    "11": 8.640602691848883,
    "5.5": 0
  },
  "edge": {
    "12": 0,
    "13": 0,
    "14": 0,
    "15": 0,
    "16": 0.12266341121043685,
    "17": 0.3906071784799121,
    "18": 3.8357560059772733,
    "79": 0,
    "80": 0,
    "81": 0.5337685473542823,
    "83": 1.4203484609558232
  },
  "firefox": {
    "2": 0,
    "3": 0,
    "4": 0,
    "5": 0,
    "6": 0,
    "7": 0,
    "8": 0,
    "9": 0,
    "10": 0,
    "11": 0,
    "12": 0,
    "13": 0,
    "14": 0,
    "15": 0,
    "16": 0,
    "17": 0,
    "18": 0,
    "19": 0,
    "20": 0,
    "21": 0,
    "22": 0,
    "23": 0,
    "24": 0,
    "25": 0,
    "26": 0,
    "27": 0,
    "28": 0,
    "29": 0,
    "30": 0,
    "31": 0,
    "32": 0,
    "33": 0,
    "34": 0,
    "35": 0,
    "36": 0,
    "37": 0,
    "38": 0,
    "39": 0,
    "40": 0,
    "41": 0,
    "42": 0,
    "43": 0,
    "44": 0,
    "45": 0,
    "46": 0,
    "47": 0,
    "48": 0,
    "49": 0,
    "50": 0,
    "51": 0,
    "52": 0.18811416843483175,
    "53": 0,
    "54": 0,
    "55": 0,
    "56": 0,
    "57": 0,
    "58": 0,
    "59": 0,
    "60": 0,
    "61": 0,
    "62": 0,
    "63": 0,
    "64": 0,
    "65": 0,
    "66": 0,
    "67": 0,
    "68": 0.4888806147484535,
    "69": 0,
    "70": 0,
    "71": 0,
    "72": 0.17749761019327975,
    "73": 0,
    "74": 0.16785405627121824,
    "75": 1.5732182507068877,
    "76": 2.0376007789223913,
    "77": 2.175853881562887,
    "78": 0.708455256180145,
    "3.6": 0,
    "3.5": 0
  },
  "chrome": {
    "4": 0,
    "5": 0,
    "6": 0,
    "7": 0,
    "8": 0,
    "9": 0,
    "10": 0,
    "11": 0,
    "12": 0,
    "13": 0,
    "14": 0,
    "15": 0,
    "16": 0,
    "17": 0,
    "18": 0,
    "19": 0,
    "20": 0,
    "21": 0,
    "22": 0,
    "23": 0,
    "24": 0,
    "25": 0,
    "26": 0,
    "27": 0,
    "28": 0,
    "29": 0,
    "30": 0,
    "31": 0,
    "32": 0,
    "33": 0,
    "34": 0,
    "35": 0,
    "36": 0,
    "37": 0,
    "38": 0,
    "39": 0,
    "40": 0,
    "41": 0,
    "42": 0,
    "43": 0,
    "44": 0,
    "45": 0,
    "46": 0,
    "47": 0,
    "48": 0,
    "49": 0.2688519046343331,
    "50": 0,
    "51": 0,
    "52": 0,
    "53": 0,
    "54": 0,
    "55": 0,
    "56": 0,
    "57": 0,
    "58": 0,
    "59": 0,
    "60": 0,
    "61": 0,
    "62": 0,
    "63": 0,
    "64": 2.357892178580456,
    "65": 0,
    "66": 0,
    "67": 0,
    "68": 0.2925499653934797,
    "69": 0,
    "70": 2.4953668777653593,
    "71": 0,
    "72": 2.4457869021077654,
    "73": 0,
    "74": 0,
    "75": 0,
    "76": 0.13129071617658603,
    "77": 0.15531311170889614,
    "78": 0.44410079373367917,
    "79": 5.200016173494022,
    "80": 5.250850243607848,
    "81": 12.872501189768059,
    "83": 18.821838800860828,
    "84": 0,
    "85": 0,
    "86": 0.8199183065573357
  },
  "safari": {
    "4": 0,
    "5": 0,
    "6": 0,
    "7": 0,
    "8": 0,
    "9": 0,
    "10": 0,
    "11": 0,
    "12": 0,
    "13": 1.8816173753489571,
    "13.1": 6.059416833104461,
    "12.1": 0.4658744681720557,
    "11.1": 0,
    "10.1": 0,
    "9.1": 0,
    "7.1": 0,
    "6.1": 0,
    "5.1": 0,
    "3.2": 0,
    "3.1": 0,
    "TP": 0
  },
  "opera": {
    "9": 0,
    "11": 0,
    "12": 0,
    "15": 0,
    "16": 0,
    "17": 0,
    "18": 0,
    "19": 0,
    "20": 0,
    "21": 0,
    "22": 0,
    "23": 0,
    "24": 0,
    "25": 0,
    "26": 0,
    "27": 0,
    "28": 0,
    "29": 0,
    "30": 0,
    "31": 0,
    "32": 0,
    "33": 0,
    "34": 0,
    "35": 0,
    "36": 0,
    "37": 0,
    "38": 0,
    "39": 0,
    "40": 0,
    "41": 0,
    "42": 0,
    "43": 0,
    "44": 0,
    "45": 0,
    "46": 0,
    "47": 0,
    "48": 0,
    "49": 0,
    "50": 0,
    "51": 0,
    "52": 0,
    "53": 0,
    "54": 0,
    "55": 0,
    "56": 0,
    "57": 0,
    "58": 0,
    "60": 0,
    "62": 0,
    "63": 0,
    "64": 0,
    "65": 0,
    "66": 0,
    "67": 0.1547076867989909,
    "68": 0.5366010710399103,
    "12.1": 0,
    "11.6": 0,
    "11.5": 0,
    "11.1": 0,
    "10.6": 0,
    "10.5": 0,
    "10.0-10.1": 0,
    "9.5-9.6": 0
  },
  "ios_saf": {
    "8": 0,
    "13.4-13.5": 0,
    "13.3": 0,
    "13.2": 0,
    "13.0-13.1": 0,
    "12.2-12.4": 0,
    "12.0-12.1": 0,
    "11.3-11.4": 0,
    "11.0-11.2": 0.2707330463186814,
    "10.3": 0,
    "10.0-10.2": 0,
    "9.3": 0,
    "9.0-9.2": 0,
    "8.1-8.4": 0,
    "7.0-7.1": 0,
    "6.0-6.1": 0,
    "5.0-5.1": 0,
    "4.2-4.3": 0,
    "4.0-4.1": 0,
    "3.2": 0
  },
  "op_mini": {
    "all": 0
  },
  "android": {
    "3": 0,
    "4": 0,
    "81": 0,
    "4.4.3-4.4.4": 0,
    "4.4": 0,
    "4.2-4.3": 0,
    "4.1": 0,
    "2.3": 0,
    "2.2": 0,
    "2.1": 0
  },
  "bb": {
    "7": 0,
    "10": 0
  },
  "op_mob": {
    "10": 0,
    "11": 0,
    "12": 0,
    "46": 0,
    "12.1": 0,
    "11.5": 0,
    "11.1": 0
  },
  "and_chr": {
    "81": 12.765989650261167
  },
  "and_ff": {
    "68": 0
  },
  "ie_mob": {
    "10": 0,
    "11": 0
  },
  "and_uc": {
    "12.12": 0
  },
  "samsung": {
    "4": 0,
    "11.1": 0.9775450063147979,
    "10.1": 0,
    "9.2": 0,
    "8.2": 0,
    "7.2-7.4": 0,
    "6.2-6.4": 0,
    "5.0-5.4": 0
  },
  "and_qq": {
    "10.4": 0
  },
  "baidu": {
    "7.12": 0
  },
  "kaios": {
    "2.5": 0
  }
}
