{
  "ie": {
    "6": 0,
    "7": 0,
    "8": 0,
    "9": 0,
    "10": 0,
    "11": 9.666645501543815,
    "5.5": 0
  },
  "edge": {
    "12": 0,
    "13": 0,
    "14": 0,
    "15": 0,
    "16": 0.14954780047657754,
    "17": 0.44526842238034414,
    "18": 4.157249617073352,
    "79": 0,
    "80": 0.6475383532047142
  },
  "firefox": {
    "2": 0,
    "3": 0,
    "4": 0,
    "5": 0,
    "6": 0,
    "7": 0,
    "8": 0,
    "9": 0,
    "10": 0,
    "11": 0,
    "12": 0,
    "13": 0,
    "14": 0,
    "15": 0,
    "16": 0,
    "17": 0,
    "18": 0,
    "19": 0,
    "20": 0,
    "21": 0,
    "22": 0,
    "23": 0,
    "24": 0,
    "25": 0,
    "26": 0,
    "27": 0,
    "28": 0,
    "29": 0,
    "30": 0,
    "31": 0,
    "32": 0,
    "33": 0,
    "34": 0,
    "35": 0,
    "36": 0,
    "37": 0,
    "38": 0,
    "39": 0,
    "40": 0,
    "41": 0,
    "42": 0,
    "43": 0,
    "44": 0,
    "45": 0,
    "46": 0,
    "47": 0,
    "48": 0,
    "49": 0,
    "50": 0,
    "51": 0,
    "52": 0.17931244621723005,
    "53": 0,
    "54": 0,
    "55": 0,
    "56": 0,
    "57": 0,
    "58": 0,
    "59": 0,
    "60": 0,
    "61": 0,
    "62": 0,
    "63": 0,
    "64": 0,
    "65": 0,
    "66": 0,
    "67": 0,
    "68": 0.47634873791991084,
    "69": 0,
    "70": 0,
    "71": 0,
    "72": 0.3503495200760724,
    "73": 1.794077846084557,
    "74": 4.267670541790917,
    "3.6": 0,
    "3.5": 0
  },
  "chrome": {
    "4": 0,
    "5": 0,
    "6": 0,
    "7": 0,
    "8": 0,
    "9": 0,
    "10": 0,
    "11": 0,
    "12": 0,
    "13": 0,
    "14": 0,
    "15": 0,
    "16": 0,
    "17": 0,
    "18": 0,
    "19": 0,
    "20": 0,
    "21": 0,
    "22": 0,
    "23": 0,
    "24": 0,
    "25": 0,
    "26": 0,
    "27": 0,
    "28": 0,
    "29": 0,
    "30": 0,
    "31": 0,
    "32": 0,
    "33": 0,
    "34": 0,
    "35": 0,
    "36": 0,
    "37": 0,
    "38": 0,
    "39": 0,
    "40": 0,
    "41": 0,
    "42": 0,
    "43": 0,
    "44": 0,
    "45": 0,
    "46": 0,
    "47": 0,
    "48": 0,
    "49": 0.2826973976623408,
    "50": 0,
    "51": 0,
    "52": 0,
    "53": 0,
    "54": 0,
    "55": 0,
    "56": 0,
    "57": 1.3467691821319838,
    "58": 0,
    "59": 0,
    "60": 0,
    "61": 0,
    "62": 0,
    "63": 0,
    "64": 2.027866649048132,
    "65": 0,
    "66": 0,
    "67": 0,
    "68": 1.3978133567942046,
    "69": 0,
    "70": 2.1617598856854556,
    "71": 0,
    "72": 2.1917533435650496,
    "73": 0,
    "74": 0,
    "75": 0.12481702179264013,
    "76": 0.1440753768202244,
    "77": 0.19958138819180637,
    "78": 0.4953401454520632,
    "79": 9.045649356456325,
    "80": 22.695513775730163,
    "81": 6.012363101220579,
    "82": 0,
    "83": 0.8068869402992901
  },
  "safari": {
    "4": 0,
    "5": 0,
    "6": 0,
    "7": 0,
    "8": 0,
    "9": 0,
    "10": 0,
    "11": 0,
    "12": 0,
    "13": 7.681280707304084,
    "12.1": 0.49162194819426225,
    "11.1": 0.25970177769871045,
    "10.1": 0,
    "9.1": 0,
    "7.1": 0,
    "6.1": 0,
    "5.1": 0,
    "3.2": 0,
    "3.1": 0,
    "TP": 0
  },
  "opera": {
    "9": 0,
    "11": 0,
    "12": 0,
    "15": 0,
    "16": 0,
    "17": 0,
    "18": 0,
    "19": 0,
    "20": 0,
    "21": 0,
    "22": 0,
    "23": 0,
    "24": 0,
    "25": 0,
    "26": 0,
    "27": 0,
    "28": 0,
    "29": 0,
    "30": 0,
    "31": 0,
    "32": 0,
    "33": 0,
    "34": 0,
    "35": 0,
    "36": 0,
    "37": 0,
    "38": 0,
    "39": 0,
    "40": 0,
    "41": 0,
    "42": 0,
    "43": 0,
    "44": 0,
    "45": 0,
    "46": 0,
    "47": 0,
    "48": 0,
    "49": 0,
    "50": 0,
    "51": 0,
    "52": 0,
    "53": 0,
    "54": 0,
    "55": 0,
    "56": 0,
    "57": 0,
    "58": 0,
    "60": 0,
    "62": 0,
    "63": 0,
    "64": 0,
    "65": 0,
    "66": 0.6424282154350185,
    "12.1": 0,
    "11.6": 0,
    "11.5": 0,
    "11.1": 0,
    "10.6": 0,
    "10.5": 0,
    "10.0-10.1": 0,
    "9.5-9.6": 0
  },
  "ios_saf": {
    "8": 0,
    "13.2": 0,
    "13.0-13.1": 0,
    "12.2-12.4": 0,
    "12.0-12.1": 0,
    "11.3-11.4": 0,
    "11.0-11.2": 0,
    "10.3": 0,
    "10.0-10.2": 0,
    "9.3": 0,
    "9.0-9.2": 0,
    "8.1-8.4": 0,
    "7.0-7.1": 0,
    "6.0-6.1": 0,
    "5.0-5.1": 0,
    "4.2-4.3": 0,
    "4.0-4.1": 0,
    "3.2": 0,
    "13.3": 0
  },
  "op_mini": {
    "all": 0
  },
  "android": {
    "3": 0,
    "4": 0,
    "76": 0,
    "4.4.3-4.4.4": 0,
    "4.4": 0,
    "4.2-4.3": 0,
    "4.1": 0,
    "2.3": 0,
    "2.2": 0,
    "2.1": 0
  },
  "bb": {
    "7": 0,
    "10": 0
  },
  "op_mob": {
    "10": 0,
    "11": 0,
    "12": 0,
    "46": 0,
    "12.1": 0,
    "11.5": 0,
    "11.1": 0
  },
  "and_chr": {
    "79": 13.654783880261082
  },
  "and_ff": {
    "68": 0
  },
  "ie_mob": {
    "10": 0,
    "11": 0
  },
  "and_uc": {
    "12.12": 0
  },
  "samsung": {
    "4": 0,
    "10.1": 0.8326473736084647,
    "9.2": 0,
    "8.2": 0,
    "7.2-7.4": 0,
    "6.2-6.4": 0,
    "5.0-5.4": 0
  },
  "and_qq": {
    "1.2": 0
  },
  "baidu": {
    "7.12": 0
  },
  "kaios": {
    "2.5": 0
  }
}
