{
  "ie": {
    "6": 0,
    "7": 0,
    "8": 0,
    "9": 0,
    "10": 0,
    "11": 10.313731092415344,
    "5.5": 0
  },
  "edge": {
    "12": 0,
    "13": 0,
    "14": 0,
    "15": 0,
    "16": 0.185603254703374,
    "17": 0.5127025617293995,
    "18": 4.110408840120308,
    "79": 0,
    "80": 0
  },
  "firefox": {
    "2": 0,
    "3": 0,
    "4": 0,
    "5": 0,
    "6": 0,
    "7": 0,
    "8": 0,
    "9": 0,
    "10": 0,
    "11": 0,
    "12": 0,
    "13": 0,
    "14": 0,
    "15": 0,
    "16": 0,
    "17": 0,
    "18": 0,
    "19": 0,
    "20": 0,
    "21": 0,
    "22": 0,
    "23": 0,
    "24": 0,
    "25": 0,
    "26": 0,
    "27": 0,
    "28": 0,
    "29": 0,
    "30": 0,
    "31": 0,
    "32": 0,
    "33": 0,
    "34": 0,
    "35": 0,
    "36": 0,
    "37": 0,
    "38": 0,
    "39": 0,
    "40": 0,
    "41": 0,
    "42": 0,
    "43": 0,
    "44": 0,
    "45": 0,
    "46": 0,
    "47": 0,
    "48": 0.10154400948258888,
    "49": 0,
    "50": 0,
    "51": 0,
    "52": 0.22717323577165818,
    "53": 0,
    "54": 0,
    "55": 0,
    "56": 0,
    "57": 0,
    "58": 0,
    "59": 0,
    "60": 0.14429067289867056,
    "61": 0,
    "62": 0,
    "63": 0,
    "64": 0,
    "65": 0,
    "66": 0,
    "67": 0,
    "68": 0.5459438380546794,
    "69": 0.2564983661581744,
    "70": 1.8184338688892725,
    "71": 0,
    "72": 0,
    "73": 0,
    "74": 4.881613805131475,
    "3.6": 0,
    "3.5": 0
  },
  "chrome": {
    "4": 0,
    "5": 0,
    "6": 0,
    "7": 0,
    "8": 0,
    "9": 0,
    "10": 0,
    "11": 0,
    "12": 0,
    "13": 0,
    "14": 0,
    "15": 0,
    "16": 0,
    "17": 0,
    "18": 0,
    "19": 0,
    "20": 0,
    "21": 0,
    "22": 0,
    "23": 0,
    "24": 0,
    "25": 0,
    "26": 0,
    "27": 0,
    "28": 0,
    "29": 0,
    "30": 0,
    "31": 0,
    "32": 0,
    "33": 0,
    "34": 0,
    "35": 0,
    "36": 0,
    "37": 0,
    "38": 0,
    "39": 0,
    "40": 0,
    "41": 0,
    "42": 0,
    "43": 0,
    "44": 0,
    "45": 0,
    "46": 0,
    "47": 0,
    "48": 0,
    "49": 0.3617746649626835,
    "50": 0,
    "51": 0,
    "52": 0,
    "53": 0,
    "54": 0,
    "55": 0,
    "56": 0,
    "57": 13.682002698647421,
    "58": 0,
    "59": 0,
    "60": 0,
    "61": 0,
    "62": 0,
    "63": 0.11768662044143606,
    "64": 0.11711666492922163,
    "65": 0,
    "66": 0,
    "67": 0,
    "68": 2.1187820381645888,
    "69": 0,
    "70": 0,
    "71": 0.1403561412982226,
    "72": 0.16870683161546904,
    "73": 0.15765704894318297,
    "74": 0.15877857430592748,
    "75": 0.2099826420968038,
    "76": 0.3174284489800646,
    "77": 0.6238622722728961,
    "78": 12.279838595953207,
    "79": 20.467598856485385,
    "80": 2.298924751347715,
    "81": 0,
    "82": 0,
    "83": 0.7168569490722687
  },
  "safari": {
    "4": 0,
    "5": 0,
    "6": 0,
    "7": 0,
    "8": 0,
    "9": 0,
    "10": 0.13138393839626653,
    "11": 0,
    "12": 0.1479678052355378,
    "13": 8.341501163536599,
    "12.1": 0.840739537501326,
    "11.1": 0.7069103061010429,
    "10.1": 0,
    "9.1": 0,
    "7.1": 0,
    "6.1": 0,
    "5.1": 0,
    "3.2": 0,
    "3.1": 0,
    "TP": 0
  },
  "opera": {
    "9": 0,
    "11": 0,
    "12": 0,
    "15": 0,
    "16": 0,
    "17": 0,
    "18": 0,
    "19": 0,
    "20": 0,
    "21": 0,
    "22": 0,
    "23": 0,
    "24": 0,
    "25": 0,
    "26": 0,
    "27": 0,
    "28": 0,
    "29": 0,
    "30": 0,
    "31": 0,
    "32": 0,
    "33": 0,
    "34": 0,
    "35": 0,
    "36": 0,
    "37": 0,
    "38": 0,
    "39": 0,
    "40": 0,
    "41": 0,
    "42": 0,
    "43": 0,
    "44": 0,
    "45": 0,
    "46": 0,
    "47": 0,
    "48": 0,
    "49": 0,
    "50": 0,
    "51": 0,
    "52": 0,
    "53": 0,
    "54": 0,
    "55": 0,
    "56": 0,
    "57": 0,
    "58": 0,
    "60": 0,
    "62": 0,
    "63": 0,
    "64": 0.09887808853836011,
    "65": 0.44371955908977,
    "66": 0.2020032649258019,
    "12.1": 0,
    "11.6": 0,
    "11.5": 0,
    "11.1": 0,
    "10.6": 0,
    "10.5": 0,
    "10.0-10.1": 0,
    "9.5-9.6": 0
  },
  "ios_saf": {
    "8": 0,
    "13.2": 0,
    "13.0-13.1": 0,
    "12.2-12.4": 0,
    "12.0-12.1": 0,
    "11.3-11.4": 0,
    "11.0-11.2": 0.11869783183407455,
    "10.3": 0,
    "10.0-10.2": 0,
    "9.3": 0,
    "9.0-9.2": 0,
    "8.1-8.4": 0,
    "7.0-7.1": 0,
    "6.0-6.1": 0,
    "5.0-5.1": 0,
    "4.2-4.3": 0,
    "4.0-4.1": 0,
    "3.2": 0,
    "13.3": 0
  },
  "op_mini": {
    "all": 0
  },
  "android": {
    "3": 0,
    "4": 0,
    "76": 0,
    "4.4.3-4.4.4": 0,
    "4.4": 0,
    "4.2-4.3": 0,
    "4.1": 0,
    "2.3": 0,
    "2.2": 0,
    "2.1": 0
  },
  "bb": {
    "7": 0,
    "10": 0
  },
  "op_mob": {
    "10": 0,
    "11": 0,
    "12": 0,
    "46": 0,
    "12.1": 0,
    "11.5": 0,
    "11.1": 0
  },
  "and_chr": {
    "79": 9.8542550212621
  },
  "and_ff": {
    "68": 0
  },
  "ie_mob": {
    "10": 0,
    "11": 0
  },
  "and_uc": {
    "12.12": 0
  },
  "samsung": {
    "4": 0,
    "10.1": 0.6988022292982505,
    "9.2": 0,
    "8.2": 0,
    "7.2-7.4": 0,
    "6.2-6.4": 0,
    "5.0-5.4": 0
  },
  "and_qq": {
    "1.2": 0
  },
  "baidu": {
    "7.12": 0
  },
  "kaios": {
    "2.5": 0
  }
}
