{
  "ie": {
    "6": 0,
    "7": 0,
    "8": 0,
    "9": 0,
    "10": 0,
    "11": 10.189740635645354,
    "5.5": 0
  },
  "edge": {
    "12": 0,
    "13": 0,
    "14": 0,
    "15": 0,
    "16": 0.1758550062938704,
    "17": 0.4829923264563021,
    "18": 4.230387659746965,
    "79": 0,
    "80": 0.14799485111618413
  },
  "firefox": {
    "2": 0,
    "3": 0,
    "4": 0,
    "5": 0,
    "6": 0,
    "7": 0,
    "8": 0,
    "9": 0,
    "10": 0,
    "11": 0,
    "12": 0,
    "13": 0,
    "14": 0,
    "15": 0,
    "16": 0,
    "17": 0,
    "18": 0,
    "19": 0,
    "20": 0,
    "21": 0,
    "22": 0,
    "23": 0,
    "24": 0,
    "25": 0,
    "26": 0,
    "27": 0,
    "28": 0,
    "29": 0,
    "30": 0,
    "31": 0,
    "32": 0,
    "33": 0,
    "34": 0,
    "35": 0,
    "36": 0,
    "37": 0,
    "38": 0,
    "39": 0,
    "40": 0,
    "41": 0,
    "42": 0,
    "43": 0,
    "44": 0,
    "45": 0,
    "46": 0,
    "47": 0,
    "48": 0,
    "49": 0,
    "50": 0,
    "51": 0,
    "52": 0.21169806490153828,
    "53": 0,
    "54": 0,
    "55": 0,
    "56": 0,
    "57": 0,
    "58": 0,
    "59": 0,
    "60": 0.11714777438785887,
    "61": 0,
    "62": 0,
    "63": 0,
    "64": 0,
    "65": 0,
    "66": 0,
    "67": 0,
    "68": 0.5323654285165668,
    "69": 0.1613293223243939,
    "70": 0.16234274213621785,
    "71": 0,
    "72": 0.19720793952195032,
    "73": 1.5302816951490972,
    "74": 4.741417934330396,
    "3.6": 0,
    "3.5": 0
  },
  "chrome": {
    "4": 0,
    "5": 0,
    "6": 0,
    "7": 0,
    "8": 0,
    "9": 0,
    "10": 0,
    "11": 0,
    "12": 0,
    "13": 0,
    "14": 0,
    "15": 0,
    "16": 0,
    "17": 0,
    "18": 0,
    "19": 0,
    "20": 0,
    "21": 0,
    "22": 0,
    "23": 0,
    "24": 0,
    "25": 0,
    "26": 0,
    "27": 0,
    "28": 0,
    "29": 0,
    "30": 0,
    "31": 0,
    "32": 0,
    "33": 0,
    "34": 0,
    "35": 0,
    "36": 0,
    "37": 0,
    "38": 0,
    "39": 0,
    "40": 0,
    "41": 0,
    "42": 0,
    "43": 0,
    "44": 0,
    "45": 0,
    "46": 0,
    "47": 0,
    "48": 0,
    "49": 0.3338773797586283,
    "50": 0,
    "51": 0,
    "52": 0,
    "53": 0,
    "54": 0,
    "55": 0,
    "56": 0,
    "57": 9.863721704252097,
    "58": 0,
    "59": 0,
    "60": 0,
    "61": 0,
    "62": 0,
    "63": 0,
    "64": 0.8806795957699503,
    "65": 0,
    "66": 0,
    "67": 0,
    "68": 1.734583573353815,
    "69": 0,
    "70": 0.8680385170645674,
    "71": 0,
    "72": 0.951547865417849,
    "73": 0.1335047257365962,
    "74": 0.14525683969476508,
    "75": 0.1700945147319238,
    "76": 0.23708689808196967,
    "77": 0.3493809249500402,
    "78": 1.6362285137220596,
    "79": 23.60962357676744,
    "80": 11.53968694217462,
    "81": 0,
    "82": 0,
    "83": 0.7010553789478924
  },
  "safari": {
    "4": 0,
    "5": 0,
    "6": 0,
    "7": 0,
    "8": 0,
    "9": 0,
    "10": 0,
    "11": 0,
    "12": 0.1383051353715517,
    "13": 7.799349988976838,
    "12.1": 0.6015980030295919,
    "11.1": 0.5971709585884662,
    "10.1": 0,
    "9.1": 0,
    "7.1": 0,
    "6.1": 0,
    "5.1": 0,
    "3.2": 0,
    "3.1": 0,
    "TP": 0
  },
  "opera": {
    "9": 0,
    "11": 0,
    "12": 0,
    "15": 0,
    "16": 0,
    "17": 0,
    "18": 0,
    "19": 0,
    "20": 0,
    "21": 0,
    "22": 0,
    "23": 0,
    "24": 0,
    "25": 0,
    "26": 0,
    "27": 0,
    "28": 0,
    "29": 0,
    "30": 0,
    "31": 0,
    "32": 0,
    "33": 0,
    "34": 0,
    "35": 0,
    "36": 0,
    "37": 0,
    "38": 0,
    "39": 0,
    "40": 0,
    "41": 0,
    "42": 0,
    "43": 0,
    "44": 0,
    "45": 0,
    "46": 0,
    "47": 0,
    "48": 0,
    "49": 0,
    "50": 0,
    "51": 0,
    "52": 0,
    "53": 0,
    "54": 0,
    "55": 0,
    "56": 0,
    "57": 0,
    "58": 0,
    "60": 0,
    "62": 0,
    "63": 0,
    "64": 0,
    "65": 0.2824596587797714,
    "66": 0.3687781357342493,
    "12.1": 0,
    "11.6": 0,
    "11.5": 0,
    "11.1": 0,
    "10.6": 0,
    "10.5": 0,
    "10.0-10.1": 0,
    "9.5-9.6": 0
  },
  "ios_saf": {
    "8": 0,
    "13.2": 0,
    "13.0-13.1": 0,
    "12.2-12.4": 0,
    "12.0-12.1": 0,
    "11.3-11.4": 0,
    "11.0-11.2": 0,
    "10.3": 0,
    "10.0-10.2": 0,
    "9.3": 0,
    "9.0-9.2": 0,
    "8.1-8.4": 0,
    "7.0-7.1": 0,
    "6.0-6.1": 0,
    "5.0-5.1": 0,
    "4.2-4.3": 0,
    "4.0-4.1": 0,
    "3.2": 0,
    "13.3": 0
  },
  "op_mini": {
    "all": 0
  },
  "android": {
    "3": 0,
    "4": 0,
    "76": 0,
    "4.4.3-4.4.4": 0,
    "4.4": 0,
    "4.2-4.3": 0,
    "4.1": 0,
    "2.3": 0,
    "2.2": 0,
    "2.1": 0
  },
  "bb": {
    "7": 0,
    "10": 0
  },
  "op_mob": {
    "10": 0,
    "11": 0,
    "12": 0,
    "46": 0,
    "12.1": 0,
    "11.5": 0,
    "11.1": 0
  },
  "and_chr": {
    "79": 10.610878794990505
  },
  "and_ff": {
    "68": 0
  },
  "ie_mob": {
    "10": 0,
    "11": 0
  },
  "and_uc": {
    "12.12": 0
  },
  "samsung": {
    "4": 0,
    "10.1": 0.5147639265217299,
    "9.2": 0,
    "8.2": 0,
    "7.2-7.4": 0,
    "6.2-6.4": 0,
    "5.0-5.4": 0
  },
  "and_qq": {
    "1.2": 0
  },
  "baidu": {
    "7.12": 0
  },
  "kaios": {
    "2.5": 0
  }
}
